<configuration>
    <property>
        <name>dfs.namenode.name.dir</name>
        <value>file:///usr/local/hadoop/tmp/hdfs/namenode</value>
    </property>
    <property>
        <name>dfs.datanode.data.dir</name>
        <value>file:///usr/local/hadoop/tmp/hdfs/datanode</value>
    </property>
    <property>
        <name>dfs.replication</name>
        <value>1</value>
    </property>
	<property>
    		<name>dfs.permissions.superusergroup</name>
    		<value>dwdas</value>
	</property>
	<property>
    		<name>dfs.cluster.administrators</name>
    		<value>dwdas</value>
	</property>
</configuration>
