[
    {
        "id": "tM26156Q",
        "name": "0Wstj09aJV",
        "email": "xae1Y@example.com",
        "age": 45,
        "country": "Australia"
    },
    {
        "id": "Fm1CH1HB",
        "name": "wAGCgqdKlX",
        "email": "cQsFH@example.com",
        "age": 18,
        "country": "Canada"
    },
    {
        "id": "053Nbw5B",
        "name": "joR7kYxfG1",
        "email": "NSBAy@example.com",
        "age": 26,
        "country": "Australia"
    },
    {
        "id": "FlLmqdnL",
        "name": "bi7usPKMh7",
        "email": "XgLhl@example.com",
        "age": 41,
        "country": "Australia"
    },
    {
        "id": "ULfCHn0P",
        "name": "LtAfreja7Y",
        "email": "phgXu@example.com",
        "age": 38,
        "country": "Australia"
    },
    {
        "id": "ZuFV0m0S",
        "name": "HFWbYTEw1H",
        "email": "ppILb@example.com",
        "age": 35,
        "country": "Canada"
    },
    {
        "id": "OZErgrPC",
        "name": "wGSFD3kdzT",
        "email": "UWBjw@example.com",
        "age": 22,
        "country": "USA"
    },
    {
        "id": "LKNxoBRX",
        "name": "UCo9w2EIhW",
        "email": "TLacl@example.com",
        "age": 70,
        "country": "Canada"
    },
    {
        "id": "8vj2X28n",
        "name": "ovWK8nj4UG",
        "email": "EA9OF@example.com",
        "age": 28,
        "country": "UK"
    },
    {
        "id": "cPU2fzTI",
        "name": "9xWgrJqAG6",
        "email": "WjpIO@example.com",
        "age": 32,
        "country": "USA"
    }
]