[
    {
        "id": "Smq5j9Ow",
        "name": "wyvwQJmIa3",
        "email": "qoeey@example.com",
        "age": 69,
        "country": "Australia"
    },
    {
        "id": "CZUUJvsJ",
        "name": "X9axYU7PZH",
        "email": "7gI9T@example.com",
        "age": 55,
        "country": "Canada"
    },
    {
        "id": "GWQqnyV5",
        "name": "cP3UCzSMMo",
        "email": "9wClg@example.com",
        "age": 64,
        "country": "UK"
    },
    {
        "id": "Q9skcdGC",
        "name": "s1IAPQJL6S",
        "email": "4xJRm@example.com",
        "age": 47,
        "country": "Canada"
    },
    {
        "id": "yxIv9sf6",
        "name": "P73tCFn7s1",
        "email": "KH7Kx@example.com",
        "age": 61,
        "country": "Canada"
    },
    {
        "id": "hrIBf1g8",
        "name": "3yNx1eRW92",
        "email": "JsUHk@example.com",
        "age": 48,
        "country": "Australia"
    },
    {
        "id": "dFiu8HLE",
        "name": "nhlhD0FQAf",
        "email": "QxoYM@example.com",
        "age": 35,
        "country": "Australia"
    },
    {
        "id": "3pPcokNM",
        "name": "dkaqYqCLW4",
        "email": "p57CI@example.com",
        "age": 42,
        "country": "India"
    },
    {
        "id": "ikIhVrQl",
        "name": "U5nXhr2DVm",
        "email": "oRRB5@example.com",
        "age": 18,
        "country": "India"
    },
    {
        "id": "xFT9yrDg",
        "name": "c3aRLduyyq",
        "email": "4r7KK@example.com",
        "age": 33,
        "country": "Canada"
    }
]