[
    {
        "id": "fFcKq0VH",
        "name": "SGBs5eg0os",
        "email": "jaRcp@example.com",
        "age": 33,
        "country": "USA"
    },
    {
        "id": "jQmklfcv",
        "name": "53Jhncna5B",
        "email": "FQppr@example.com",
        "age": 27,
        "country": "Australia"
    },
    {
        "id": "L9JAm9Ho",
        "name": "fqbC6I8EfC",
        "email": "FmTJq@example.com",
        "age": 59,
        "country": "India"
    },
    {
        "id": "98043mLU",
        "name": "H5QNjEJYlG",
        "email": "NHc1K@example.com",
        "age": 21,
        "country": "Australia"
    },
    {
        "id": "5mgi69YG",
        "name": "73JUo8Jk8L",
        "email": "ZBoEl@example.com",
        "age": 67,
        "country": "Canada"
    },
    {
        "id": "u1zyAKPF",
        "name": "SReuaENmcP",
        "email": "346H7@example.com",
        "age": 41,
        "country": "UK"
    },
    {
        "id": "SYWvaHJu",
        "name": "RFsXoxPMUl",
        "email": "sIJDa@example.com",
        "age": 25,
        "country": "USA"
    },
    {
        "id": "VFTx6q1i",
        "name": "NWv6ak2aJR",
        "email": "hsmjD@example.com",
        "age": 22,
        "country": "India"
    },
    {
        "id": "GZt19IXW",
        "name": "MNV7y6PbcR",
        "email": "fApZT@example.com",
        "age": 55,
        "country": "Australia"
    },
    {
        "id": "WvVFdoVK",
        "name": "LZImzTwdSq",
        "email": "fl1DE@example.com",
        "age": 62,
        "country": "Australia"
    }
]