[
    {
        "id": "IuRhN7bC",
        "name": "krodyEPYsW",
        "email": "6E71E@example.com",
        "age": 60,
        "country": "Canada"
    },
    {
        "id": "4X4ZiCLG",
        "name": "IKAut3fV5x",
        "email": "KDfJG@example.com",
        "age": 67,
        "country": "Australia"
    },
    {
        "id": "tVgr2Pmh",
        "name": "q4L80S7efK",
        "email": "H3r6R@example.com",
        "age": 65,
        "country": "USA"
    },
    {
        "id": "1S1eK9EJ",
        "name": "pSiNZ7O5uO",
        "email": "tIE3G@example.com",
        "age": 57,
        "country": "USA"
    },
    {
        "id": "7DfvUqbL",
        "name": "f910GVbeQ0",
        "email": "g4ROd@example.com",
        "age": 70,
        "country": "India"
    },
    {
        "id": "281RJc90",
        "name": "DRu57uL5dR",
        "email": "KQhHw@example.com",
        "age": 69,
        "country": "Canada"
    },
    {
        "id": "dTwzg0Yv",
        "name": "Obj1fZwv5u",
        "email": "JxbGT@example.com",
        "age": 44,
        "country": "Canada"
    },
    {
        "id": "ryTQhonN",
        "name": "8hCZIt1XrO",
        "email": "FOB1p@example.com",
        "age": 20,
        "country": "USA"
    },
    {
        "id": "e84i35xX",
        "name": "RrZaN5Z4nl",
        "email": "PLt0p@example.com",
        "age": 45,
        "country": "Australia"
    },
    {
        "id": "ktYlyZec",
        "name": "OKXPkZKPp7",
        "email": "hR1A0@example.com",
        "age": 27,
        "country": "Canada"
    }
]