[
    {
        "id": "HOjvZfPS",
        "name": "Lx2EanNRka",
        "email": "S5lln@example.com",
        "age": 57,
        "country": "USA"
    },
    {
        "id": "svUYxCJP",
        "name": "2GDjcRsbau",
        "email": "jVmNp@example.com",
        "age": 70,
        "country": "UK"
    },
    {
        "id": "a9XuJ73e",
        "name": "2r3XBZaVSU",
        "email": "Bci9D@example.com",
        "age": 29,
        "country": "USA"
    },
    {
        "id": "Up8Lchww",
        "name": "cZsTs42L42",
        "email": "xQQ4g@example.com",
        "age": 65,
        "country": "Australia"
    },
    {
        "id": "ncaARogJ",
        "name": "HkeAMQrALs",
        "email": "S8SYK@example.com",
        "age": 61,
        "country": "Australia"
    },
    {
        "id": "OPIrVNwu",
        "name": "3flFVwt5Gh",
        "email": "NB8V5@example.com",
        "age": 37,
        "country": "USA"
    },
    {
        "id": "bZJ0n0er",
        "name": "IWTBj6A3Jr",
        "email": "jVd6S@example.com",
        "age": 59,
        "country": "Canada"
    },
    {
        "id": "OPgO9ojI",
        "name": "xwJl85t32Q",
        "email": "SvWc3@example.com",
        "age": 26,
        "country": "Australia"
    },
    {
        "id": "0RUWeN73",
        "name": "F9o6VqYslL",
        "email": "bnyCH@example.com",
        "age": 54,
        "country": "UK"
    },
    {
        "id": "rj1MYGIk",
        "name": "V2mgRLf4EP",
        "email": "QNoRH@example.com",
        "age": 60,
        "country": "Australia"
    }
]